{"cameraMode":{"drawMode":0,"name":"Shaded","section":"Shading Mode"},"sceneLighting":false,"audioPlay":false,"sceneViewState":{"m_AlwaysRefresh":false,"showFog":false,"showSkybox":false,"showFlares":false,"showImageEffects":false,"showParticleSystems":false,"showVisualEffectGraphs":true,"m_FxEnabled":true},"in2DMode":false,"pivot":{"x":0.06270068138837815,"y":0.6206852197647095,"z":1.292052984237671},"rotation":{"x":-0.09168079495429993,"y":0.0020876508206129076,"z":-0.0001944636896951124,"w":-0.9957919120788574},"size":1.420426845550537,"orthographic":false}