{"cameraMode":{"drawMode":0,"name":"Shaded","section":"Shading Mode"},"sceneLighting":false,"audioPlay":false,"sceneViewState":{"m_AlwaysRefresh":false,"showFog":false,"showSkybox":false,"showFlares":false,"showImageEffects":false,"showParticleSystems":false,"showVisualEffectGraphs":true,"m_FxEnabled":true},"in2DMode":false,"pivot":{"x":-0.47453734278678896,"y":0.587827205657959,"z":-0.0005930513143539429},"rotation":{"x":0.000504344527143985,"y":0.9993860125541687,"z":0.031180936843156816,"w":-0.01619056425988674},"size":0.9299969673156738,"orthographic":false}