{"cameraMode":{"drawMode":0,"name":"Shaded","section":"Shading Mode"},"sceneLighting":false,"audioPlay":false,"sceneViewState":{"m_AlwaysRefresh":false,"showFog":false,"showSkybox":false,"showFlares":false,"showImageEffects":false,"showParticleSystems":false,"showVisualEffectGraphs":true,"m_FxEnabled":true},"in2DMode":false,"pivot":{"x":-0.2309056967496872,"y":1.1490912437438965,"z":-0.5801534652709961},"rotation":{"x":-0.00017259130254387856,"y":0.995428204536438,"z":0.09554434567689896,"w":0.0017929859459400178},"size":1.3201336860656739,"orthographic":false}