{"cameraMode":{"drawMode":0,"name":"Shaded","section":"Shading Mode"},"sceneLighting":false,"audioPlay":false,"sceneViewState":{"m_AlwaysRefresh":false,"showFog":false,"showSkybox":false,"showFlares":false,"showImageEffects":false,"showParticleSystems":false,"showVisualEffectGraphs":true,"m_FxEnabled":true},"in2DMode":false,"pivot":{"x":-0.000001430511474609375,"y":0.833023190498352,"z":0.06186165660619736},"rotation":{"x":-0.004743446595966816,"y":-0.9939172863960266,"z":-0.04743625596165657,"w":0.09932996332645416},"size":1.000395655632019,"orthographic":false}